{"mean":{"confidence_interval":{"confidence_level":0.95,"lower_bound":320265612.45,"upper_bound":322808031.25},"point_estimate":321537431.25,"standard_error":654661.0235325958},"median":{"confidence_interval":{"confidence_level":0.95,"lower_bound":319853343.75,"upper_bound":323832833.5},"point_estimate":321096729.25,"standard_error":835066.062972513},"median_abs_dev":{"confidence_interval":{"confidence_level":0.95,"lower_bound":170684.32196974754,"upper_bound":4114554.4423520565},"point_estimate":1951008.902862668,"standard_error":1247101.2514180208},"slope":null,"std_dev":{"confidence_interval":{"confidence_level":0.95,"lower_bound":1200535.0204056117,"upper_bound":2683249.258029973},"point_estimate":2167667.1619656677,"standard_error":373512.30797812174}}