{"mean":{"confidence_interval":{"confidence_level":0.95,"lower_bound":224485013.73416665,"upper_bound":225919829.71},"point_estimate":225154512.5,"standard_error":367852.0769161002},"median":{"confidence_interval":{"confidence_level":0.95,"lower_bound":224347236.0,"upper_bound":225803125.0},"point_estimate":224963201.5,"standard_error":410046.49579552974},"median_abs_dev":{"confidence_interval":{"confidence_level":0.95,"lower_bound":254409.9547833278,"upper_bound":1861672.1233487204},"point_estimate":976570.3172624185,"standard_error":422877.68709752464},"slope":null,"std_dev":{"confidence_interval":{"confidence_level":0.95,"lower_bound":531866.5224715221,"upper_bound":1704653.8511940576},"point_estimate":1228110.1022404623,"standard_error":323195.89815397235}}