{"mean":{"confidence_interval":{"confidence_level":0.95,"lower_bound":224741766.6,"upper_bound":225757840.85750008},"point_estimate":225299004.1,"standard_error":260040.12939915157},"median":{"confidence_interval":{"confidence_level":0.95,"lower_bound":225100055.33333334,"upper_bound":225762076.33333334},"point_estimate":225373437.33333334,"standard_error":164041.1734014937},"median_abs_dev":{"confidence_interval":{"confidence_level":0.95,"lower_bound":96760.40468215942,"upper_bound":1139161.8672758194},"point_estimate":339731.8535685539,"standard_error":257128.88661999878},"slope":null,"std_dev":{"confidence_interval":{"confidence_level":0.95,"lower_bound":212026.45403166662,"upper_bound":1261903.732325208},"point_estimate":868342.1201750631,"standard_error":286375.76450311794}}