{"mean":{"confidence_interval":{"confidence_level":0.95,"lower_bound":288617.6129282623,"upper_bound":297546.5468297774},"point_estimate":293163.7058070501,"standard_error":2291.029798342814},"median":{"confidence_interval":{"confidence_level":0.95,"lower_bound":287452.4399930427,"upper_bound":301852.7800324675},"point_estimate":292775.3987012987,"standard_error":3559.6354954463554},"median_abs_dev":{"confidence_interval":{"confidence_level":0.95,"lower_bound":465.57389798450555,"upper_bound":13662.900418457739},"point_estimate":8438.26793234986,"standard_error":3243.8950455467625},"slope":{"confidence_interval":{"confidence_level":0.95,"lower_bound":287187.13427643786,"upper_bound":299077.91948258335},"point_estimate":293812.9405464665,"standard_error":3066.068434876026},"std_dev":{"confidence_interval":{"confidence_level":0.95,"lower_bound":4580.347156235835,"upper_bound":9491.89915084436},"point_estimate":7642.191144723938,"standard_error":1294.112250139036}}